Adamow (siedleckie),22.15,51.45
Adamow (zamojskie),23.1,50.36
Adamowka,22.42,50.16
Aleksandrow,19.59,51.16
Aleksandrow Kujawski,18.42,52.53
Aleksandrow lodzki,19.19,51.49
Alwernia,19.32,50.04
Andrespol,19.37,51.44
Andrychow,19.2,49.52
Andrzejewo,22.12,52.5
Annopol,21.52,50.53
Augustow,22.58,53.51
Babiak,18.41,52.2
Babice,19.26,50.04
Babimost,15.5,52.09
Baborow,17.59,50.09
Baboszewo,20.15,52.42
Backowice,21.14,50.48
Bakalarzewo,22.39,54.06
Baligrod,22.17,49.21
Baltow,21.32,51.01
Banie,14.38,53.06
Banie Mazurskie,22.03,54.15
Baranowicze,26.02,53.08
Baranowo,21.18,53.11
Baranow (kaliskie),18,51.16
Baranow (lubelskie),22.09,51.34
Baranow (skierniewickie),20.28,52.07
Baranow Sandomierski,21.33,50.3
Barciany,21.21,54.13
Barcin,17.57,52.52
Barczewo,20.41,53.5
Bardo,16.45,50.31
Barglow Koscielny,22.5,53.46
Barlinek,15.13,52.59
Bartoszyce,20.48,54.15
Baruchowo,19.15,52.3
Barwice,16.21,53.44
Batorz,22.3,50.5
Badkowo,18.47,52.42
Bedlno,19.34,52.13
Bejsce,20.36,50.15
Belsk Duzy,20.49,51.5
Belchatow,19.22,51.22
Belzyce,22.17,51.1
Bestwina,19.03,49.54
Bedkow,19.45,51.35
Bedzin,19.08,50.19
Bedzino,15.59,54.12
Biala (opolskie),17.4,50.23
Biala (sieradzkie),18.27,51.16
Biala Piska,22.04,53.37
Biala Podlaska,23.07,52.02
Biala Rawska,20.29,51.48
Bialaczow,20.18,51.18
Biale Blota,17.55,53.06
Bialobrzegi (rzeszow.),22.21,50.07
Bialobrzegi (radomskie),20.57,51.39
Bialogard,15.59,54
Bialopole,23.44,50.59
Bialosliwie,17.07,53.06
Bialowieza,23.52,52.42
Bialy Bor,16.5,53.44
Bialy Dunajec,20.02,49.22
Bialystok,23.1,53.08
Biecz,21.16,49.44
Bielany,22.15,52.2
Bielawa,16.37,50.42
Bielawy,19.39,52.04
Bielice,14.43,53.12
Bieliny,20.55,50.51
Bielsk,19.48,52.41
Bielsk Podlaski,23.12,52.46
Bielsko-Biala,19.04,49.5
Bierawa,18.16,50.17
Bierutow,17.33,51.07
Bierzwnik,15.4,53.02
Biesiekierz,16.03,54.08
Biezun,19.52,52.57
Bilgoraj,22.43,50.32
Bircza,22.28,49.42
Biskupice,20.07,49.58
Biskupiec (torunskie),19.21,53.3
Biskupiec (olsztynskie),20.57,53.52
Biszcza,22.38,50.25
Bisztynek,20.54,54.05
Blachownia,18.58,50.47
Bledzew,15.24,52.31
Blizanow,18.01,51.54
Blizyn,20.45,51.06
Blaszki,18.26,51.39
Blazowa,22.06,49.54
Bledow,20.42,51.47
Blonie,20.36,52.12
Bobolice,16.35,53.57
Bobowa,20.57,49.43
Bobrowice,15.05,51.57
Bobrowniki (katowickie),18.59,50.23
Bobrowniki (wloclawskie),18.58,52.46
Bobrowo,19.16,53.17
Bochnia,20.25,49.58
Bocki,23.02,52.39
Bodzanow,20.02,52.31
Bodzechow,21.23,50.51
Bodzentyn,20.57,50.57
Bogatynia,14.57,50.54
Bogdaniec,15.03,52.41
Bogoria,21.15,50.39
Boguchwala,21.57,49.59
Boguszow-Gorce,16.12,50.46
Boguty-Pianki,22.25,52.43
Bojadla,15.49,51.57
Bojanowo,16.45,51.42
Bojanow,21.57,50.26
Boleslaw,20.53,50.16
Boleslawiec (kaliskie),18.12,51.12
Boleslawiec (jeleniog.),15.34,51.16
Boleszkowice,14.33,52.43
Bolimow,20.1,52.05
Bolkow,16.06,50.55
Boniewo,18.54,52.28
Borek Wielkopolski,17.15,51.55
Borki,22.32,51.44
Borkowice,20.42,51.19
Borowa,21.21,50.23
Borowiczki,19.45,52.31
Borowie,21.46,51.57
Borow,17,50.53
Boryslaw,23.27,49.16
Borzechow,22.17,51.06
Borzecin,20.42,50.06
Borzytuchom,17.23,54.13
Branice,17.47,50.03
Braniewo,19.5,54.23
Bransk,22.5,52.45
Branszczyk,21.36,52.37
Braslaw,27.02,55.38
Braszewice,18.27,51.3
Brodnica (poznanskie),16.53,52.09
Brodnica (torunskie),19.24,53.15
Brody (kieleckie),21.14,51.02
Brody (zielonogorskie),14.45,51.45
Brody,25.1,50.06
Brojce,15.21,53.57
Brok,21.51,52.42
Brojce,19.38,51.4
Brudzen Duzy,19.29,52.4
Brudzew,18.36,52.06
Brusy,17.44,53.53
Brwinow,20.43,52.08
Brzeg,17.29,50.52
Brzeg Dolny,16.43,51.16
Brzesko,20.37,49.58
Brzeszcze,19.09,49.59
Brzesc Kujawski,18.53,52.37
Brzesc nad Bugiem,23.42,52.06
Brzeziny (kaliskie),18.16,51.36
Brzeziny (skierniewic.),19.45,51.48
Brzeznica (bielskie),19.37,49.58
Brzeznica (zielonogor.),15.24,51.43
Brzeznio,18.38,51.3
Brzezno,15.47,53.42
Brzezany,24.56,49.27
Brzostek,21.25,49.53
Brzozie,19.36,53.19
Brzozow,22.02,49.42
Brzuze,19.15,53.03
Brzyska,21.23,49.49
Buczacz,25.23,49.04
Buczek,19.1,51.3
Budry,21.53,54.15
Budzow,19.41,49.47
Budzyn,16.59,52.54
Buk,16.31,52.22
Bukowiec,18.14,53.26
Bukowina Tatrzanska,20.06,49.2
Bukowno,19.26,50.16
Bukowsko,22.03,49.29
Bulkowo,20.07,52.33
Burzenin,18.5,51.27
Busko Zdroj,20.48,50.28
Bychawa,22.33,51.01
Byczyna,18.13,51.07
Bydgoszcz,18,53.07
Bystrzyca Klodzka,16.38,50.18
Bytnica,15.09,52.09
Bytom,18.54,50.23
Bytom Odrzanski,15.5,51.44
Byton,18.35,52.34
Bytow,17.3,54.1
Cedry Wielkie,18.51,54.15
Cedynia,14.12,52.53
Ceglow,21.44,52.09
Cekcyn,18.01,53.35
Cekow-Kolonia,18.18,51.53
Celestynow,21.23,52.03
Ceranow,22.14,52.38
Cewice,17.44,54.27
Charsznica,19.56,50.25
Chasno,19.56,52.11
Chelm,23.29,51.08
Chelmek,19.14,50.06
Chelmiec,20.4,49.38
Chelmno,18.26,53.21
Chelmza,18.36,53.12
Checiny,20.27,50.48
Chlewiska,20.46,51.15
Chlopice,22.41,49.57
Chmielnik,20.45,50.37
Chmielnik Rzeszowski,22.07,49.59
Chmielno,18.06,54.2
Chocen,19.01,52.3
Chocianow,15.54,51.25
Chociwel,15.19,53.27
Chocz,17.53,51.58
Choczewo,17.53,54.45
Chodecz,19.02,52.24
Chodel,22.08,51.07
Chodow,19.02,52.15
Chodziez,16.55,52.59
Chojna,14.25,52.58
Chojnice,17.33,53.42
Chojnow,15.56,51.17
Choreszcz,22.59,53.09
Chorkowka,21.41,49.39
Choroszcz,22.59,53.09
Chorzele,20.53,53.16
Chorzow,18.57,50.18
Choszczno,15.24,53.1
Chotcza,21.45,52.14
Chrostkowo,19.15,53.57
Chrzanow (katowickie),19.24,50.08
Chrzanow (tarnobrzeskie),22.36,50.46
Chrzastowice,18.04,50.4
Chrzypsko Wielkie,16.14,52.38
Chybie,18.49,49.54
Chynow,21.05,51.54
Ciasna,18.37,50.46
Ciechanowiec,22.3,52.41
Ciechanow,20.38,52.52
Ciechocin,18.56,53.04
Ciechocinek,18.47,52.53
Cieladz,20.21,51.43
Ciepielow,21.35,51.15
Cieplowody,16.55,50.41
Cieplice slaskie-Zdroj,15.41,50.52
Cieszanow,23.08,50.14
Cieszkow,17.22,51.38
Cieszyn,18.38,49.45
Ciezkowice,20.58,49.48
Cisek,18.13,50.17
Cisna,22.2,49.13
Cmolas,21.45,50.18
Cybinka,14.48,52.12
Cycow,23.08,51.18
Czajkow,18.21,51.29
Czaplinek,16.14,53.33
Czarna (krosnienskie),22.41,49.19
Czarna (tarnowskie),21.15,50.04
Czarna (rzeszowskie),22.12,50.07
Czarna Bialostocka,23.18,53.18
Czarna Dabrowka,17.34,54.22
Czarne,16.56,53.42
Czarnia,21.11,53.21
Czarnkow,16.34,52.54
Czarnocin (kieleckie),20.31,50.21
Czarnocin (piotrkowskie),19.41,51.35
Czrnozyly,18.34,51.17
Czarny Bor,16.07,50.46
Czarny Dunajec,19.52,49.27
Czastary,18.2,51.16
Czchow,20.41,49.5
Czechowice-Dziedzice,19.01,49.5
Czemierniki,22.38,51.41
Czempin,16.45,52.08
Czeremcha,23.21,52.31
Czermin (rzeszowskie),21.2,50.2
Czermin (kaliskie),17.45,51.57
Czernica,17.15,51.03
Czernice Borowe,20.43,53.02
Czernichow,19.41,49.59
Czerniejewo,17.29,52.26
Czerniewice,20.1,51.39
Czernikowo,18.56,52.57
Czersk,17.58,53.48
Czerwiensk,15.26,52.01
Czerwin,21.46,52.57
Czerwinsk nad Wisla,20.18,52.23
Czerwonak,16.59,52.28
Czerwonka,21.12,52.53
Czestochowa,19.07,50.48
Czlopa,16.06,53.05
Czluchow,17.21,53.41
Czorsztyn,20.19,49.26
Czosnow,20.43,52.24
Czudec,21.51,49.57
Czyze,23.26,52.47
Czyzew-Osada,22.18,52.48
cmielow,21.31,50.54
Daleszyce,20.48,50.48
Dalikow,19.06,51.53
Damaslawek,17.3,52.5
Damnica,17.17,54.3
Darlowo,16.24,54.25
Daszyna,19.11,52.09
Dawidgrodek,27.14,52.03
Dabie (koninskie),18.49,52.05
Dabie (zielonogorskie),15.1,52.01
Dabrowa (opolskie),17.45,50.41
Dabrowa (bydgoskie),17.57,52.44
Dabrowa Bialostocka,23.21,53.39
Dabrowa Biskupia,18.32,52.47
Dabrowa Chelminska,18.18,53.11
Dabrowa Gornicza,19.16,50.19
Dabrowa Tarnowska,20.59,50.11
Dabrowa Zielona,19.33,50.51
Dabrowice,19.05,52.19
Dabrowka,21.17,52.29
Dabrowno,20.03,53.26
Debrzno,17.14,53.33
Deszczno,15.18,52.4
Debe Wielkie,21.26,52.12
Debica,21.25,50.03
Deblin,21.52,51.34
Debnica Kaszubska,17.1,54.23
Debno (tarnowskie),20.43,49.58
Debno (gorzowskie),14.42,52.44
Debowa Kloda,23.01,51.36
Debowa laka,19.06,53.15
Debowiec (krosnienskie),21.28,49.41
Debowiec (bielskie),18.43,49.48
Dlugoleka,17.12,51.1
Dlugosiodlo,21.36,52.46
Dlutow,19.24,51.33
Dmosin,19.45,51.55
Dobczyce,20.06,49.53
Dobiegniew,15.45,52.58
Dobra (koninskie),18.37,51.55
Dobra (nowosadeckie),20.15,49.43
Dobra (szczecinskie),14.23,53.29
Dobra (szczecinskie),15.18,53.34
Dobrcz,18.09,53.16
Dobre (siedleckie),21.41,52.19
Dobre (wloclawskie),18.33,52.41
Dobre Miasto,20.24,53.59
Dobrodzien,18.27,50.44
Dobromierz,16.15,50.55
Dobromil,22.47,49.34
Dobroszyce,17.21,51.16
Dobryszyce,19.25,51.09
Dobrzany,15.25,53.21
Dobrzelin,19.37,52.14
Dobrzen Wielki,17.51,50.46
Dobrzyca,17.37,51.52
Dobrzyniewo Koscielne,23.03,53.12
Dobrzyn nad Wisla,19.2,52.39
Dolice,15.12,53.11
Dolsk,17.04,51.59
Dolhobyczow,24.02,50.35
Domaniewice,19.48,52.01
Domaniow,17.08,50.59
Domaradz,21.59,49.48
Domaszowice,17.53,51.03
Dominowo,17.22,52.18
Dopiewo,16.4,52.21
Dorohusk,23.49,51.09
Doruchow,18.05,51.25
Dragacz,18.44,53.3
Drawno,15.45,53.13
Drawsko,16.02,52.51
Drawsko Pomorskie,15.48,53.32
Drelow,22.53,51.55
Drezdenko,15.49,52.51
Drobin,19.59,52.44
Drohiczyn,22.39,52.24
Drohobycz,23.3,49.21
Druzbice,19.24,51.27
Drwinia,20.26,50.06
Drzewica,20.28,51.27
Drzycim,18.19,53.31
Dubeninki,22.34,54.18
Dubicze Cerkiewne,23.26,52.39
Dubiecko,22.24,49.5
Dubienka,23.53,51.03
Dukla,21.41,49.33
Duszniki,16.24,52.27
Duszniki-Zdroj,16.23,50.24
Dwikozy,21.47,50.44
Dydnia,22.12,49.41
Dygowo,15.43,54.08
Dynow,22.14,49.49
Dywity,20.29,53.5
Dziadkowice,22.54,52.34
Dziadowa Kloda,17.42,51.14
Dzialdowo,20.11,53.14
Dzialoszyce,20.21,50.22
Dzialoszyn,18.52,51.07
Dziemiany,17.47,54.01
Dzierzaznia,20.14,52.38
Dzierzgon,19.21,53.56
Dzierzgowo,20.39,53.09
Dzierzkowice,22.05,50.58
Dzierzoniow,16.38,50.43
Dziwnow,14.45,54.02
Dzwola,22.35,50.42
Dzwierzuty,20.58,53.42
Elblag,19.24,54.1
Elk,22.21,53.29
Fabianki,19.06,52.43
Fajslawice,22.57,51.06
Falkow,20.06,51.08
Filipow,22.37,54.11
Firlej,22.31,51.34
Frampol,22.41,50.41
Fredropol,22.45,49.42
Frombork,19.41,54.21
Frysztak,21.37,49.5
Gac,22.22,50.02
Galewice,18.16,51.2
Garbatka-Letnisko,21.37,51.3
Garbow,22.21,51.21
Gardeja,18.57,53.37
Garwolin,21.38,51.54
Gaszowice,18.26,50.07
Gaworzyce,15.53,51.38
Gabin,19.43,52.24
Gasawa,17.45,52.46
Gdansk,18.38,54.22
Gdow,20.12,49.54
Gdynia,18.32,54.32
Giby,23.22,54.02
Gidle,19.28,50.58
Gielniow,20.28,51.24
Gieraltowice,18.43,50.13
Gietrzwald,20.15,53.45
Gilowice-slemien,19.18,49.42
Gizalki,17.47,52.03
Gizycko,21.47,54.02
Glinojeck,20.17,52.49
Gliwice,18.4,50.17
Glebokie,27.41,55.08
Glogow,16.05,51.39
Glogow Malopolski,21.58,50.09
Glogowek,17.51,50.21
Glowaczow,21.2,51.38
Glowno,19.43,51.58
Glowczyce,17.22,54.37
Glubczyce,17.5,50.12
Glucholazy,17.23,50.19
Gluchow,20.04,51.47
Glusk,22.36,51.12
Gluszyca,16.22,50.41
Gniew,18.49,53.51
Gniewino,18.01,54.43
Gniewkowo,18.25,52.54
Gniewoszow,21.49,51.28
Gniezno,17.36,52.32
Gnojnik,20.36,49.54
Gnojno,20.51,50.37
Godkowo,19.54,54.05
Godow,18.29,49.56
Godzianow,20.02,51.53
Godziesze Wielkie,18.11,51.39
Godziszow,22.29,50.46
Gogolin,18.02,50.3
Golczewo,14.58,53.59
Goleniow,14.49,53.33
Goleszow,18.44,49.44
Golina,18.06,52.15
Golub-Dobrzyn,19.03,53.07
Golancz,17.18,52.57
Golcza,19.55,50.21
Goldap,22.18,54.18
Goluchow,17.56,51.51
Golymin-Osrodek,20.53,52.48
Gomunice,19.29,51.1
Goniadz,22.44,53.29
Goraj,22.41,50.43
Gorlice,21.1,49.4
Gorzkowice,19.36,51.13
Gorzkow,23,50.56
Gorzow slaski,18.26,51.02
Gorzow Wielkopolski,15.14,52.44
Gorzyce (katowickie),18.24,49.58
Gorzyce (tarnobrzeskie),21.5,50.4
Gostycyn,17.48,53.29
Gostynin,19.28,52.25
Gostyn,17.01,51.53
Goszczanow,18.31,51.47
Goszczyn,20.52,51.44
Goscieradow,22,50.52
Goscino,15.38,54.03
Gowarczow,20.27,51.17
Goworowo,21.34,52.54
Gozdnica,15.06,51.26
Gozdowo,19.41,52.44
Gora,16.33,51.4
Gora Kalwaria,21.13,51.59
Gora swietej Malgorzaty,19.19,52.03
Gorno,20.49,50.51
Gorowo Ilawieckie,20.3,54.17
Gorzno (siedleckie),21.43,51.51
Gorzno (torunskie),19.38,53.12
Gorzyca,14.38,52.29
Gozd,21.23,51.23
Grabica,19.32,51.29
Grabowiec,23.33,50.49
Grabowo,22.09,53.28
Grabow,19.01,52.07
Grabow nad Pilica,21.14,51.44
Grabow nad Prosna,18.07,51.3
Grajewo,22.27,53.39
Granowo,16.32,52.13
Grazawy,19.34,53.15
Grebkow,21.55,52.16
Grebocice,16.1,51.36
Greboszow,20.47,50.15
Grebow,21.53,50.34
Grodkow,17.23,50.42
Grodno,23.5,53.41
Grodziczno,19.46,53.25
Grodziec,18.04,52.02
Grodzisk,22.45,52.35
Grodzisk Mazowiecki,20.37,52.06
Grodzisk Wielkopolski,16.22,52.14
Grodzisko Dolne,22.28,50.1
Gromadka,15.46,51.22
Gromnik,20.57,49.5
Gronowo Elblaskie,19.18,54.05
Grodek,23.4,53.06
Grodek nad Dunajcem,20.44,49.45
Grojec,20.52,51.52
Grudusk,20.36,53.04
Grudziadz,18.46,53.29
Grunwald,20.05,53.33
Gruta,18.58,53.27
Grybow,20.57,49.38
Gryfice,15.12,53.54
Gryfino,14.29,53.15
Gryfow slaski,15.25,51.02
Grzegorzew,18.44,52.12
Grzmiaca,16.26,53.5
Gubin,14.43,51.57
Gzy,20.56,52.45
Haczow,21.54,49.4
Hajnowka,23.35,52.45
Halinow,21.21,52.14
Hanna,23.31,51.43
Hansk,23.24,51.24
Harasiuki,22.29,50.28
Hazlach,18.37,49.48
Hel,18.48,54.36
Herby,18.53,50.4
Horodlo,24.03,50.54
Horyniec,23.22,50.12
Hrubieszow,23.53,50.48
Huszlew,22.5,52.08
Hyzne,22.11,49.55
Igolomia-Wawrzenczyce,20.18,50.06
Ilawa,19.34,53.36
Ilowa,15.12,51.3
Ilowo-Osada,20.18,53.1
Ilow,20.02,52.21
Ilza,21.15,51.1
Imielno,20.26,50.35
Inowlodz,20.13,51.32
Inowroclaw,18.15,52.48
Insko,15.32,53.26
Irzadze,19.41,50.38
Istebna,18.54,49.34
Iwaniska,21.16,50.44
Iwanowice,19.59,50.14
Iwierzyce,21.46,50.02
Iwkowa,20.35,49.5
Iwonicz-Zdroj,21.48,49.34
Izbica,23.1,50.54
Izbica Kujawska,18.46,52.25
Izbicko,18.1,50.34
Jablonka,19.42,49.29
Jablonna (lubelskie),22.36,51.05
Jablonna (warszawskie),20.54,52.23
Jablonna Lacka,22.27,52.29
Jablonowo,19.04,53.24
Jablonowo Pomorskie,19.04,53.24
Jablon,23.05,51.43
Jadow,21.38,52.29
Jaktorow,20.32,52.05
Jakubow,21.41,52.13
Janikowo,18.06,52.45
Janowice Wielkie,15.55,50.53
Janowiec,21.54,51.19
Janowiec Koscielny,20.31,53.18
Janowiec Wielkopolski,17.29,52.45
Janowo,20.4,53.19
Janow (czestochowskie),19.26,50.43
Janow (bialostockie),23.14,53.28
Janow Lubelski,22.25,50.42
Janow Podlaski,23.13,52.12
Jaraczewo,17.18,51.58
Jarczow,23.35,50.26
Jarocin (tarnobrzeskie),22.2,50.34
Jarocin (kaliskie),17.3,51.58
Jaroslaw,22.42,50.02
Jasienica,18.56,49.49
Jasienica Rosielna,21.57,49.45
Jasieniec,20.56,51.49
Jasien,15.01,51.45
Jasionowka,23.02,53.24
Jaslo,21.28,49.44
Jastarnia,18.4,54.42
Jastkow,22.27,51.19
Jastrowie,16.49,53.26
Jastrzab,20.57,51.14
Jastrzebia,21.12,51.28
Jastrzebie-Zdroj,18.35,49.57
Jaswily,22.58,53.24
Jawor,16.12,51.04
Jawornik Polski,22.17,49.54
Jaworzno,19.16,50.13
Jaworzyna slaska,16.26,50.55
Jedlicze,21.38,49.43
Jedlina-Zdroj,16.21,50.43
Jedlinsk,21.02,51.31
Jedlnia-Letnisko,21.19,51.26
Jednorozec,21.03,53.09
Jedwabne,22.18,53.17
Jedwabno,20.44,53.32
Jelcz-Laskowice,17.19,51.01
Jelenia Gora,15.44,50.54
Jeleniewo,22.55,54.13
Jelesnia,19.19,49.39
Jemielnica,18.23,50.33
Jemielno,16.33,51.32
Jerzmanowa,16.03,51.36
Jerzmanowice-Przeginia,19.45,50.12
Jeziora Wielkie,18.16,52.32
Jeziorany,20.45,53.58
Jeziorzany,22.17,51.36
Jezewo,18.29,53.31
Jezowe,22.1,50.23
Jezow,19.58,51.48
Jezow Sudecki,15.45,50.56
Jedrzejow,20.18,50.39
Jodlowa,21.19,49.53
Jodlownik,20.14,49.47
Joniec,20.35,52.36
Jonkowo,20.19,53.5
Jordanow,19.5,49.39
Jordanow slaski,16.52,50.52
Jozefow (zamojskie),23.04,50.29
Jozefow (lubelskie),21.51,51.02
Jozefow (warszawskie),21.14,52.09
Juchnowiec Dolny,23.08,53.01
Jutrosin,17.11,51.38
Kaczory,16.52,53.07
Kadzidlo,21.28,53.14
Kalety,18.54,50.34
Kalinowo,22.41,53.53
Kaliska,18.13,53.55
Kalisz,18.06,51.46
Kalisz Pomorski,15.54,53.17
Kalwaria Zebrzydowska,19.4,49.53
Kaluszyn,21.49,52.13
Kamienica,20.21,49.34
Kamienica Polska,19.09,50.41
Kamieniec,16.27,52.1
Kamieniec Zabkowicki,16.52,50.32
Kamienna Gora,16.02,50.47
Kamiennik,17.09,50.34
Kamien (rzeszowskie),22.09,50.2
Kamien (chelmskie),23.35,51.06
Kamien Koszyrski,24.58,51.38
Kamien Krajenski,17.31,53.32
Kamien Pomorski,14.46,53.58
Kamiensk,19.3,51.13
Kamionka,22.28,51.29
Kamionka Strumilowa,24.2,50.07
Kamionka Wielka,20.49,49.35
Kampinos,20.28,52.16
Kanczuga,22.25,49.59
Karczew,21.15,52.04
Karczmiska,22.01,51.14
Kargowa,15.52,52.04
Karlino,15.53,54.02
Karnice,15.03,54.01
Karniewo,20.59,52.5
Karpacz,15.44,50.47
Karsin,17.55,53.54
Kartuzy,18.12,54.2
Katowice,19,50.15
Kaweczyn,18.32,51.54
Kazanow,21.28,51.17
Kazimierz Biskupi,18.1,52.19
Kazimierz Dolny,21.58,51.19
Kazimierza Wielka,20.29,50.16
Kazmierz,16.35,52.3
Kakolewnica Wschodnia,22.42,51.54
Katy Wroclawskie,16.46,51.02
Kcynia,17.29,52.59
Kedzierzyn-Kozle,18.12,50.21
Kepice,16.52,54.15
Kepno,17.59,51.17
Kesowo,17.34,53.34
Ketrzyn,21.23,54.05
Kety,19.13,49.53
Kielce,20.37,50.53
Kielczyglow,18.59,51.14
Kiernozia,19.52,52.16
Kietrz,18.01,50.05
Kije,20.34,50.36
Kijewo Krolewskie,18.27,53.16
Kikol,19.07,52.55
Kisielice,19.15,53.36
Kiszkowo,17.16,52.35
Kiwerce,25.27,50.5
Kiwity,20.46,54.06
Kleczew,18.11,52.22
Klembow,21.2,52.24
Kleszczele,23.2,52.35
Kleszczewo,17.1,52.2
Kleszczow,19.18,51.13
Klimontow,21.27,50.4
Klonowa,18.26,51.25
Kluczbork,18.13,50.58
Klucze,19.34,50.2
Kluczewsko,19.55,50.56
Kluki,19.14,51.21
Klukowo,22.31,52.47
Klwow,20.38,51.32
Klaj,20.18,50
Klecko,17.26,52.37
Klobuck,18.56,50.55
Kloczew,21.58,51.44
Klodawa (koninskie),18.55,52.15
Klodawa (gorzowskie),15.12,52.47
Klodzko,16.39,50.27
Klomnice,19.22,50.56
Knurow,18.41,50.13
Knyszyn,22.55,53.18
Kobiele Wielkie,19.37,51.02
Kobierzyce,16.56,50.58
Kobryn,24.21,52.13
Kobyla Gora,17.51,51.23
Kobylanka,14.51,53.21
Kobylin,17.14,51.42
Kobylin-Borzymy,22.41,53.06
Kobylnica,16.59,54.27
Kobylka,21.11,52.21
Kochanowice,18.45,50.43
Kocierzew Poludniowy,20.01,52.14
Kock,22.27,51.39
Kocmyrzow-Luborzyca,20.06,50.08
Koczala,17.04,53.54
Koden,22.37,51.55
Kodrab,19.38,51.06
Kolbudy Gorne,18.27,54.16
Kolbuszowa,21.47,50.14
Kolno (lomzynskie),21.56,53.24
Kolno (olsztynskie),21,53.59
Kolonowskie,18.23,50.39
Kolsko,15.58,51.57
Koluszki,19.49,51.45
Kolaczkowo,17.37,52.13
Kolaczyce,21.26,49.48
Kolaki Koscielne,22.23,53.01
Kolbaskowo,14.25,53.2
Kolbiel,21.29,52.04
Kolczyglowy,17.14,54.14
Kolo,18.39,52.12
Kolobrzeg,15.34,54.1
Kolomyja,25.04,48.32
Komancza,22.04,49.21
Komarow-Osada,23.29,50.38
Komarowka Podlaska,22.57,51.48
Komorniki,16.48,52.21
Komprachcice,17.49,50.38
Konarzyny,17.22,53.5
Kondratowice,16.56,50.46
Koneck,18.43,52.47
Koniecpol,19.41,50.47
Konin,18.16,52.13
Koniusza,20.13,50.12
Konopiska,19.01,50.44
Konopnica,18.5,51.21
Konstancin-Jeziorna,21.08,52.05
Konstantynow,23.05,52.12
Konstantynow lodzki,19.2,51.45
Konskie,20.25,51.12
Konskowola,22.04,51.25
Koprzywnica,21.35,50.36
Korczew,22.37,52.22
Korczyna,21.49,49.43
Korfantow,17.36,50.29
Koronowo,17.56,53.19
Korsze,21.08,54.1
Korytnica,21.51,52.25
Korzenna,20.51,49.41
Kosakowo,18.29,54.36
Kosow Lacki,22.09,52.35
Kostomloty,16.32,51.03
Kostopol,26.26,50.53
Kostrzyn (poznanskie),17.13,52.24
Kostrzyn (gorzowskie),14.38,52.36
Koszalin,16.11,54.11
Koszarawa,19.24,49.38
Koszecin,18.51,50.38
Koszyce,20.34,50.11
Koscian,16.39,52.05
Koscielec,18.34,52.11
Koscierzyna,17.58,54.07
Kotla,16.02,51.45
Kotlin,17.39,51.55
Kotun,22.04,52.11
Kowal,19.09,52.32
Kowala,21.04,51.19
Kowale Oleckie,22.26,54.1
Kowalewo,18.54,53.1
Kowalewo Pomorskie,18.54,53.1
Kowary,15.49,50.48
Kowel,24.41,51.14
Kowiesy,20.26,51.53
Kozieglowy,19.1,50.36
Kozielice,14.48,53.06
Kozienice,21.33,51.35
Kozlowo,20.18,53.19
Kozlow,20.01,50.29
Kozy,19.09,49.51
Kozmin,17.27,51.49
Kozminek,18.21,51.48
Kozuchow,15.36,51.45
Kornik,17.05,52.15
Krajenka,16.59,53.23
Krakow,19.57,50.03
Krakow Krowodrza,19.58,50.05
Krakow Nowa Huta,20.05,50.05
Krakow Podgorze,19.55,50.01
Krakow srodmiescie,19.58,50.04
Kramsk,18.26,52.16
Krapkowice,17.58,50.28
Krasiczyn,22.4,49.47
Krasne (rzeszowskie),22.06,50.03
Krasne (ciechanowskie),20.59,52.55
Krasnobrod,23.14,50.33
Krasnopol,23.12,54.07
Krasnosielc,21.09,53.02
Krasnystaw,23.11,50.59
Krasocin,20.07,50.54
Kraszewice,18.15,51.3
Krasniczyn,23.22,50.56
Krasnik,22.14,50.55
Krempna,21.31,49.31
Krobia,16.59,51.47
Kroczyce,19.35,50.34
Krokowa,18.1,54.46
Krosno,21.46,49.42
Krosno Odrzanskie,15.06,52.02
Kroscienko nad Dunajcem,20.25,49.26
Krosnice,17.22,51.28
Krosniewice,19.1,52.16
Krotoszyce,16.03,51.09
Krotoszyn,17.26,51.41
Kruklanki,21.56,54.05
Kruszwica,18.19,52.41
Kruszyna,19.17,50.58
Krynica,20.58,49.26
Krynice,23.23,50.35
Krynki,23.47,53.16
Krypno,22.53,53.17
Krzanowice,18.08,50.01
Krzczonow,22.42,51.01
Krzemieniec,25.45,50.07
Krzemieniewo,16.51,51.51
Krzepice,18.44,50.58
Krzeszowice,19.38,50.08
Krzeszow,22.21,50.25
Krzeszyce,15,52.35
Krzecin,15.29,53.05
Krzykosy,17.22,52.07
Krzymow,18.27,52.12
Krzynowloga Mala,20.47,53.09
Krzywcza,22.33,49.48
Krzywda,22.12,51.48
Krzywin,16.49,51.58
Krzyz,16,52.53
Krzyzanowice,18.17,49.59
Krzyzanow,19.28,52.11
Ksiaz Wielki,20.08,50.27
Ksiaz Wielkopolski,17.14,52.03
Ksiazki,19.04,53.2
Ksiezpol,22.44,50.25
Kuczbork-Osada,20.02,53.05
Kudowa-Zdroj,16.15,50.27
Kulesze Koscielne,22.31,53.01
Kunice,16.15,51.14
Kunow,21.17,50.58
Kurow,22.12,51.24
Kurylowka,21.29,50.18
Kurzetnik,19.34,53.24
Kuslin,16.19,52.22
Kutno,19.22,52.14
Kuznia Raciborska,18.2,50.12
Kuznica,23.39,53.31
Kwidzyn,18.56,53.44
Kwilcz,16.05,52.33
Lanckorona,19.34,49.51
Laskowa,20.27,49.46
Lasowice Wielkie,18.14,50.53
Laszki,22.54,50.02
Latowicz,21.49,52.02
Ladek,17.57,52.12
Ladek-Zdroj,16.52,50.21
Legionowo,20.56,52.25
Legnica,16.1,51.13
Legnickie Pole,16.15,51.09
Lelis,21.34,53.11
Lelkowo,20.14,54.19
Lelow,19.37,50.41
Leoncin,20.32,52.24
Lesko,22.2,49.28
Leszczyny,18.39,50.08
Leszno,16.34,51.51
Leszno (warszawskie),20.36,52.16
Lesznowola,20.56,52.05
Lesna,15.16,51.01
Lesna Podlaska,23.01,52.08
Lesnica,18.12,50.26
Lesniowice,23.29,50.59
Lewin Brzeski,17.37,50.45
Lezajsk,22.26,50.16
Lebork,17.45,54.33
Lgota Wielka,19.19,51.09
Libiaz,19.19,50.07
Lichnowy,18.55,54.07
Lida,25.18,53.53
Lidzbark,19.49,53.16
Lidzbark Warminski,20.35,54.07
Limanowa,20.25,49.43
Linia,17.56,54.28
Liniewo,18.14,54.04
Lipce Reymontowskie,19.56,51.54
Lipiany,14.52,53
Lipie,18.48,51.01
Lipinki,21.18,49.4
Lipinki luzyckie,15,51.38
Lipka,17.15,53.3
Lipno,19.1,52.51
Lipnica,17.24,53.59
Lipnica Murowana,20.31,49.51
Lipnik,21.3,50.44
Lipno (leszczynskie),16.34,51.55
Lipno (wloclawskie),19.11,52.51
Lipowa,19.05,49.41
Lipowiec Koscielny,20.1,53.06
Lipsk,23.24,53.44
Lipsko,21.4,51.09
Lipusz,17.48,54.06
Lisewo,18.41,53.18
Lisia Gora,21.01,50.05
Liskow,18.24,51.49
Liszki,19.46,50.03
Liw,21.57,52.23
Lniano,18.13,53.32
Lubaczow,23.08,50.09
Lubanie,18.56,52.45
Luban,15.18,51.07
Lubartow,22.37,51.27
Lubasz,16.31,52.51
Lubawa,19.45,53.3
Lubawka,16,50.42
Lubenia,21.56,49.56
Lubichowo,18.23,53.52
Lubicz,18.46,53.03
Lubien,19.58,49.43
Lubien Kujawski,19.1,52.24
Lubiewo,18.02,53.28
Lubin,16.12,51.24
Lubiszyn,14.56,52.46
Lublin,22.34,51.14
Lubliniec,18.41,50.4
Lubniewice,15.15,52.31
Lubochnia,20.03,51.37
Lubomia,18.19,50.03
Lubomierz,15.31,51.01
Lubomino,20.15,54.04
Luboml,24.01,51.14
Lubon,16.53,52.21
Lubowidz,19.51,53.07
Lubraniec,18.5,52.33
Lubrza (opolskie),17.38,50.2
Lubrza (zielonogorskie),14.58,51.47
Lubsko,14.58,51.47
Lubsza,17.31,50.55
Lubycza Krolewska,23.31,50.2
Ludwin,22.55,51.21
Lutocin,19.46,52.59
Lutomiersk,19.13,51.45
Lutowiska,22.42,49.16
Lututow,18.26,51.22
Luzino,18.07,54.34
Lwow,24,49.5
Lwowek,16.11,52.27
Lwowek slaski,15.35,51.07
Lyski,18.23,50.07
labiszyn,17.55,52.57
labowa,20.51,49.32
labunie,23.22,50.39
ladzice,19.21,51.05
lagiewniki,16.51,50.48
lagow (kieleckie),21.05,50.47
lagow (zielonogorskie),15.18,52.2
lambinowice,17.33,50.32
lanieta,19.17,52.22
lancut,22.14,50.04
lapanow,20.17,49.52
lapsze Nizne,20.14,49.24
lapy,22.53,52.59
lasin,19.05,53.31
lask,19.08,51.36
laskarzew,21.37,51.48
laszczow,23.43,50.32
laziska,21.53,51.09
lazy,19.24,50.26
lack,19.37,50.28
lacko,20.26,49.34
leba,17.33,54.47
leczna,22.53,51.18
leczyca,19.12,52.03
leczyce,17.52,54.36
leka Opatowska,18.06,51.13
leki Szlacheckie,19.48,51.11
leknica,14.44,51.33
lobez,15.37,53.38
lobzenica,17.15,53.16
lochow,21.42,52.32
lodygowice,19.09,49.43
lomazy,23.11,51.54
lomianki,20.53,52.2
lomza,22.04,53.11
loniow,21.32,50.34
lopiennik Gorny,23.02,51.03
lopuszno,20.15,50.57
losice,22.43,52.13
lososina Dolna,20.36,49.44
lowicz,19.56,52.06
lodz,19.28,51.47
lodz Baluty,19.24,51.48
lodz Gorna,19.27,51.43
lodz Polesie,19.23,51.46
lodz srodmiescie,19.27,51.47
lodz Widzew,19.33,51.46
lubianka,18.28,53.08
lubniany,18,50.47
lubnice (tarnobrzeskie),21.09,50.25
lubnice (kaliskie),18.17,51.1
lubowo,17.28,52.31
luck,25.2,50.44
lukowa,22.57,50.23
lukowica,20.29,49.37
lukow,22.23,51.56
lukta,20.05,53.48
luzna,21.02,49.43
lyse,21.34,53.22
lysomice,18.36,53.06
lyszkowice,19.54,51.59
Maciejowice,21.34,51.42
Magnuszew,21.24,51.46
Majdan Krolewski,21.45,50.23
Makow,20.03,51.57
Makow Mazowiecki,21.06,52.52
Makow Podhalanski,19.39,49.44
Malanow,18.24,51.57
Malbork,19.02,54.02
Malczyce,16.29,51.13
Malechowo,16.3,54.18
Mala Wies,20.06,52.28
Maldyty,19.44,53.55
Malkinia Gorna,22.02,52.42
Malogoszcz,20.16,50.49
Malomice,15.27,51.33
Maly Plock,22.02,53.18
Manowo,16.18,54.07
Marcinowice,16.35,50.53
Marciszow,16.02,50.51
Margonin,17.05,52.58
Marianowo,15.16,53.23
Marki,21.06,52.2
Markowa,22.2,50.02
Markusy,19.22,54.03
Markuszow,22.16,51.23
Maslowice,19.47,51.07
Maslow,20.43,50.54
Maszewo (szczecinskie),15.03,53.3
Maszewo (zielonogorskie),14.54,52.04
Medyka,22.57,49.48
Melgiew,22.47,51.14
Mecinka,16.06,51.04
Medrzechow,20.57,50.17
Miastko,16.58,54
Miastkowo,21.5,53.09
Miastkow Koscielny,21.5,51.53
Miaczyn,23.31,50.44
Michalowice (krakowskie),19.59,50.1
Michalowice (warszaw.),20.53,52.09
Michalowo,23.37,53.02
Michalow,20.23,50.3
Michow,22.19,51.31
Miechow,20.02,50.21
Miedziana Gora,20.33,50.56
Miedzichowo,15.57,52.23
Miedzna,22.06,52.28
Miedzna,19.04,49.59
Miedzno,18.59,50.58
Miejsce Piastowe,21.48,49.38
Miejska Gorka,16.58,51.39
Mielec,21.26,50.17
Mieleszyn,17.3,52.4
Mielnik,23.03,52.2
Mielno,16.04,54.16
Mieroszow,16.11,50.4
Mierzecice,19.08,50.27
Mieszkowice,14.29,52.47
Miescisko,17.2,52.45
Mietkow,16.39,50.59
Miedzyborz,17.4,51.23
Miedzychod,15.53,52.36
Miedzylesie,16.41,50.09
Miedzyrzecz,15.34,52.31
Miedzyrzecz Podlaski,22.48,51.59
Miedzyzdroje,14.26,53.56
Miekinia,16.44,51.12
Mikolajki,21.35,53.48
Mikolajki Pomorskie,19.1,53.51
Mikolow,18.54,50.1
Mikstat,17.58,51.32
Milanow,22.54,51.42
Milanowek,20.39,52.07
Milejczyce,23.08,52.32
Milejowo,19.32,54.13
Milejow,22.56,51.13
Milicz,17.17,51.32
Milowka,19.05,49.34
Milakowo,20.05,54.01
Milki,21.53,53.57
Milkowice,16.04,51.16
Milomlyn,19.5,53.46
Miloradz,18.55,54.01
Miloslaw,17.3,52.13
Minsk Mazowiecki,21.33,52.11
Mircze,23.54,50.39
Miroslawiec,16.05,53.2
Mirow,21.03,51.11
Mirsk,15.23,50.58
Mirzec,21.03,51.08
Mlawa,20.23,53.07
Mlodzieszyn,20.12,52.18
Mlynary,19.43,54.11
Mniow,20.29,51.01
Mniszkow,20.02,51.22
Mochowo,19.33,52.46
Modliborzyce,22.2,50.45
Mogielnica,20.43,51.42
Mogilany,19.53,49.56
Mogilno,17.57,52.39
Mokobody,22.07,52.16
Mokrsko,18.29,51.11
Molodeczna,26.49,54.19
Monki,22.48,53.25
Morawica,20.37,50.45
Morag,19.56,53.55
Mordy,22.31,52.13
Moryn,14.22,52.51
Morzeszczyn,18.41,53.51
Mosina,16.5,52.14
Moskorzew,19.56,50.39
Moszczenica (nowosad.),21.06,49.44
Moszczenica (piotrkow.),19.42,51.3
Mragowo,21.18,53.52
Mrocza,17.36,53.15
Mrozy,21.49,52.1
Mstow,19.17,50.49
Mszana,18.32,49.58
Mszana Dolna,20.04,49.41
Mszczonow,20.31,51.59
Msciwojow,16.17,51.03
Mucharz,19.33,49.49
Murowana Goslina,17,52.34
Murow,17.57,50.52
Muszyna,20.55,49.21
Mycielin,18.15,51.56
Mykanow,19.11,50.56
Myslakowice,15.47,50.51
Myslowice,19.08,50.14
Myszkow,19.2,50.35
Myszyniec,21.21,53.23
Myslenice,19.57,49.5
Mysliborz,14.51,52.55
Nadarzyn,20.48,52.06
Naglowice-Oksa,20.06,50.4
Naklo nad Notecia,17.35,53.09
Naleczow,22.13,51.17
Namyslow,17.43,51.04
Narew,23.32,52.55
Narewka,23.45,52.51
Narol,23.2,50.21
Naruszewo,20.21,52.32
Nasielsk,20.48,52.36
Nawojowa,20.45,49.34
Nekla,17.25,52.22
Nedza,18.19,50.1
Nidzica,20.25,53.21
Nieborow,20.04,52.04
Niebylec,21.54,49.52
Niechanowo,17.41,52.28
Niechlow,16.22,51.42
Niedrzwica Duza,22.23,51.07
Niedzwiada,22.42,51.33
Niedzwiedz,20.05,49.38
Niegoslawice,15.43,51.35
Niegowa,19.29,50.38
Nielisz,23.03,50.48
Niemce,22.38,51.21
Niemcza,16.5,50.43
Niemodlin,17.37,50.38
Niepolomice,20.13,50.02
Nieporet,21.02,52.25
Nieszawa,18.54,52.5
Nieszczyce,16.24,51.33
Nisko,22.08,50.31
Niwiska,21.38,50.13
Nowa Brzeznica,19.11,51.05
Nowa Deba,21.46,50.26
Nowa Karczma,18.12,54.08
Nowa Ruda,16.31,50.35
Nowa Sarzyna,22.21,50.2
Nowa Slupia,21.05,50.52
Nowa Sol,15.43,51.48
Nowa Sucha,20.11,52.09
Nowa Wies Leborska,17.45,54.33
Nowa Wies Wielka,17.06,52.58
Nowe,18.43,53.38
Nowe Brzesko,20.22,50.08
Nowe Miasteczko,15.44,51.42
Nowe Miasto,20.38,52.39
Nowe Miasto Lubawskie,19.35,53.26
Nowe Miasto nad Pilica,20.34,51.37
Nowe Miasto nad Warta,17.25,52.05
Nowe Ostrowy,19.12,52.18
Nowe Piekuty,22.43,52.53
Nowe Skalmierzyce,18,51.43
Nowe Warpno,14.17,53.43
Nowinka,22.58,53.55
Nowodwor,22.05,51.39
Nowogard,15.08,53.4
Nowogrodziec,15.23,51.12
Nowogrod,21.54,53.14
Nowogrod Bobrzanski,16.15,51.48
Nowogrod Pomorski,15.01,52.54
Nowogrodek,25.5,53.36
Nowosolna,19.35,51.48
Nowy Duninow,19.28,52.35
Nowy Dwor,23.33,53.38
Nowy Dwor Gdanski,19.06,54.13
Nowy Dwor Mazowiecki,20.43,52.26
Nowy Kaweczyn,20.15,51.53
Nowy Korczyn,20.49,50.19
Nowy Sacz,20.42,49.37
Nowy Staw,19,54.03
Nowy Targ,20.02,49.29
Nowy Tomysl,16.08,52.19
Nowy Wisnicz,20.27,49.55
Nowy zmigrod,21.32,49.37
Nozdrzec,22.13,49.47
Nur,22.19,52.41
Nurzec-Stacja,23.05,52.28
Nysa,17.2,50.28
Oborniki,16.49,52.38
Oborniki slaskie,16.55,51.18
Obrazow,21.39,50.41
Obrowo,18.53,51.58
Obryte,21.15,52.43
Obrzycko,16.31,52.42
Obsza,22.58,50.19
Ochotnica Dolna,20.19,49.32
Odolanow,17.4,51.34
Odrzywol,20.33,51.31
Ogrodzieniec,19.31,50.27
Ojrzen,20.33,52.47
Okonek,16.51,53.32
Olecko,22.3,54.02
Olesno (czestochowskie),18.25,50.53
Olesno (tarnowskie),20.56,50.13
Oleszyce,23.02,50.1
Olesnica (kieleckie),21.04,50.28
Olesnica (wroclawskie),17.23,51.12
Olkusz,19.04,50.17
Olszanica,22.27,49.29
Olszanka (bialskopodl.),22.4,52.09
Olszanka (opolskie),17.29,50.48
Olszewo-Borki,21.31,53.04
Olszowka,18.52,52.11
Olsztyn,20.3,53.47
Olsztyn (czestochowskie),19.16,50.45
Olsztynek,20.17,53.35
Olszyna,15.22,51.04
Olawa,17.18,50.57
Opalenica,16.24,52.19
Opatowiec,20.43,50.15
Opatow (czestochowskie),18.48,50.58
Opatow (tarnobrzeskie),21.25,50.49
Opatowek,18.13,51.44
Opinogora Gorna,20.43,52.55
Opoczno,20.17,51.23
Opole,17.56,50.4
Opole Lubelskie,21.59,51.09
Oporow,19.34,52.16
Orchowo,18.01,52.3
Orla,23.2,52.42
Orly,22.48,49.53
Orneta,20.08,54.07
Oronsko,20.59,51.19
Orzesze,18.45,50.09
Orzysz,21.57,53.48
Osie,18.21,53.36
Osieck,21.26,51.58
Osieczna,18.12,53.47
Osiecznica,15.25,51.2
Osiek (bielskie),19.05,49.57
Osiek (gdanskie),18.29,53.43
Osiek (tarnobrzeskie),21.26,50.31
Osiek (torunskie),19.23,53.1
Osiek Jasielski,21.29,49.38
Osiek Maly,18.36,52.16
Osielsko,18.04,53.11
Osieciny,18.43,52.38
Osina,15.01,53.36
Osjakow,18.48,51.18
Ostaszewo,18.57,54.13
Ostroleka,21.35,53.05
Ostrorog,16.26,52.38
Ostrowice,15.58,53.38
Ostrowiec swietokrzyski,21.23,50.51
Ostrowite,18.03,52.23
Ostroda,19.58,53.42
Ostrog,26.31,50.2
Ostrow,21.36,50.06
Ostrow Lubelski,22.52,51.3
Ostrow Mazowiecka,21.53,52.48
Ostrow Wielkopolski,17.49,51.38
Ostrowek (lubelskie),22.37,51.35
Ostrowek (sieradzkie),18.37,51.21
Ostrzeszow,17.56,51.25
Oszmina,25.56,54.25
Osno,14.52,52.27
Osno Lubuskie,14.52,52.27
Oswiecim,19.08,50.02
Otmuchow,17.1,50.28
Otwock,21.15,52.07
Otyn,15.43,51.51
Ozimek,18.13,50.41
Ozorkow,19.17,51.58
Ozarow,21.4,50.53
Ozarow Mazowiecki,20.48,52.13
Pabianice,19.22,51.4
Pacanow,21.02,50.24
Pacyna,19.43,52.18
Paczkow,17.01,50.28
Padew Narodowa,21.31,50.26
Pajeczno,19,51.09
Pakoslaw,17.04,51.37
Pakoslawice,17.22,50.32
Pakosc,18.05,52.48
Panki,18.45,50.53
Papowo Biskupie,18.34,53.15
Paprotnia,22.28,52.18
Paradyz,20.06,51.19
Parchowo,17.41,54.13
Parczew,22.55,51.38
Parysow,21.42,51.58
Parzeczew,19.12,51.57
Paslek,19.4,54.04
Pasym,20.47,53.39
Paszowice,16.11,51.02
Pawlosiow,22.4,50
Pawlowice,18.43,49.58
Pawlowiczki,18.03,50.15
Pawlow,21.07,50.58
Pawonkow,18.35,50.42
Patnow,18.38,51.08
Pcim,19.58,49.45
Pelplin,18.42,53.56
Pelczyce,15.18,53.02
Perlejewo,22.34,52.34
Perzow,17.49,51.16
Peclaw,16.14,51.38
Peczniew,18.44,51.49
Pepowo,17.07,51.46
Piaseczno,21.02,52.04
Piaski (leszczynskie),17.04,51.53
Piaski (lubelskie),22.51,51.08
Piastow,20.51,52.11
Piatek,19.28,52.04
Piatnica,22.05,53.11
Piechowice,15.35,50.51
Piecki,21.2,53.45
Piekary slaskie,18.57,50.23
Piekoszow,20.27,50.53
Pielgrzymka,15.49,51.07
Pieniezno,20.08,54.14
Piensk,15.02,51.15
Pierzchnica,20.44,50.42
Pieszyce,16.35,50.43
Pietrowice Wielkie,19.05,50.05
Pilawa,21.32,51.57
Pilchowice,18.34,50.13
Pilica,19.39,50.29
Pilzno,21.17,49.59
Pila,16.45,53.1
Pilawa Gorna,16.44,50.41
Pinczow,20.32,50.32
Pinsk,26.04,52.07
Pionki,21.27,51.29
Piotrkow Trybunalski,19.41,51.24
Piotrkow Kujawski,18.3,52.33
Pisz,21.48,53.38
Piszczac,23.23,51.59
Piwniczna,20.42,49.26
Platerow,22.49,52.18
Platerowka,15.11,51.04
Pleszew,17.47,51.53
Plesna,20.56,49.56
Plaska,23.16,53.54
Plock,19.42,52.33
Ploniawy-Bramura,21.04,52.59
Plonsk,20.23,52.38
Ploskinia,19.56,54.16
Plosnica,20.01,53.16
Ploty,15.16,53.48
Pluznica,18.47,53.18
Pniewy (poznanskie),16.16,52.31
Pniewy (radomskie),20.44,51.55
Pobiedziska,17.17,52.28
Poczesna,19.09,50.43
Poddebice,18.57,51.53
Podedworze,23.13,51.41
Podegrodzie,20.36,49.35
Podgorzyn,15.41,50.5
Podkowa Lesna,20.43,52.07
Pogorzela,17.14,51.48
Pokoj,17.3,50.54
Pokrzywnica,21.01,52.38
Polanica-Zdroj,16.31,50.24
Polanow,16.41,54.07
Police,14.33,53.33
Policzna,21.38,51.27
Polkowice,16.04,51.36
Polska Cerekiew,18.09,50.14
Polajewo,16.43,52.47
Polaniec,21.17,50.26
Polczyn-Zdroj,16.06,53.45
Pomiechowek,20.44,52.28
Poniatowa,22.05,51.12
Poniec,16.48,51.46
Popielow,17.44,50.49
Popow,18.57,51.02
Poraj,19.13,50.41
Porabka,19.13,49.49
Postomino,16.42,54.3
Poswietne (bialostockie),22.5,52.55
Poswietne (piotrkowskie),20.22,51.32
Poswietne (siedleckie),21.25,52.2
Potegowo,17.29,54.29
Potok Gorny,22.32,50.23
Potok Wielki,22.14,50.47
Potworow,20.43,51.31
Pozezdrze,21.52,54.08
Poznan,16.55,52.25
Poznan Grunwald,16.54,52.23
Poznan Jezyce,16.47,52.27
Poznan Nowe Miasto,17.01,52.23
Poznan Stare Miasto,16.56,52.25
Poznan Wilda,16.56,52.23
Prabuty,19.12,53.46
Praszka,18.27,51.03
Prazmow,20.59,51.57
Prochowice,16.23,51.17
Promna,20.58,51.41
Prostki,22.26,53.42
Proszowice,20.17,50.12
Proszkow,17.53,50.35
Pruchnik,22.32,49.54
Prudnik,17.36,50.19
Prusice,16.52,51.22
Pruszcz,18.12,53.2
Pruszcz Gdanski,18.38,54.16
Pruszkow,20.48,52.1
Przasnysz,20.53,53.01
Przechlewo,17.15,53.48
Przeciszow,20.22,50
Przeclaw,21.29,50.12
Przedborz,19.52,51.06
Przedecz,18.54,52.2
Przelewice,15.05,53.06
Przemet,16.18,52.01
Przemkow,15.47,51.32
Przemysl,22.47,49.48
Przerosl,22.39,54.15
Przesmyki,22.35,52.17
Przeworno,17.11,50.41
Przeworsk,22.29,50.03
Przewoz,14.58,51.28
Przodkowo,18.17,54.23
Przybiernow,14.46,53.45
Przygodzice,17.5,51.35
Przykona,18.37,51.58
Przylek,21.45,51.19
Przyrow,19.31,50.48
Przystajn,18.41,50.53
Przysucha,20.38,51.22
Przytoczna,15.4,52.35
Przytuly,22.19,53.22
Przytyk,20.55,51.28
Przywidz,18.19,54.12
Psary,19.08,50.23
Pszczew,15.46,52.28
Pszczolki,18.41,54.11
Pszczyna,18.57,49.59
Puchaczow,22.59,51.18
Puck,18.24,54.44
Pulawy,21.58,51.25
Pultusk,21.05,52.43
Punsk,23.11,54.15
Purda,20.42,53.43
Puszcza Marianska,20.21,51.59
Puszczykowo,16.5,52.17
Pyrzyce,14.53,53.08
Pyskowice,18.38,50.24
Pysznica,22.08,50.34
Pyzdry,17.41,52.1
Raba Wyzna,19.53,49.34
Rabka,19.57,49.37
Rachanie,23.33,50.33
Raciaz,20.07,52.47
Raciazek,18.48,52.51
Raciborz,18.14,50.05
Raciechowice,20.08,49.5
Raclawice-Palecznica,20.14,50.2
Raczki,22.47,53.59
Radecznica,22.5,50.46
Radgoszcz,21.07,50.13
Radkow (czestochowskie),19.59,50.43
Radkow (walbrzyskie),16.24,50.3
Radlow (czestochowskie),18.32,50.56
Radlow (tarnowskie),20.51,50.05
Radom,21.1,51.24
Radomin,19.12,53.05
Radomsko,19.27,51.04
Radomysl,21.57,50.41
Radomysl Wielki,21.17,50.12
Radoszyce,20.16,51.04
Radowo Male,15.27,53.4
Radymno,22.5,49.57
Radwanice,15.52,51.34
Radzanowo,19.53,52.35
Radzanow,20.05,52.57
Radziechowy-Wieprz,19.1,49.38
Radziejowice,20.33,52.01
Radziejow,18.31,52.38
Radziemnice,20.14,50.15
Radzilow,22.25,53.25
Radziwillowka,23.02,52.22
Radzymin,21.11,52.25
Radzyn Chelminski,18.56,53.23
Radzyn Podlaski,22.38,51.48
Rajcza,19.06,49.3
Rajgrod,22.42,53.44
Rakoniewice,16.16,52.09
Rakow,21.02,50.41
Rakszawa,22.14,50.12
Ranizow,21.59,50.16
Raszkow,17.44,51.43
Raszyn,20.55,52.08
Rataje,19.26,52.26
Rawa Mazowiecka,20.16,51.46
Rawa Ruska,23.37,50.14
Rawicz,16.52,51.36
Rabino,15.56,53.52
Recz,15.33,53.15
Reda,18.2,54.37
Regimin,20.34,52.57
Rejowiec,23.18,51.06
Rejowiec Fabryczny,23.16,51.07
Renska Wies,18.09,50.19
Repki,22.24,52.23
Resko,15.24,53.46
Reszel,21.09,54.03
Rewal,15,54.04
Reczno,19.51,51.11
Redziny,19.13,50.52
Rogowo (bydgoskie),17.39,52.43
Rogowo (wloclawskie),19.23,52.58
Rogozno,16.59,52.45
Rogow,19.53,51.49
Rogozno,18.56,53.33
Rohatyn,24.37,49.25
Rojewo,18.17,52.54
Rokiciny,19.47,51.4
Rokietnica (poznanskie),16.45,52.31
Rokietnica (przemyskie),22.39,49.54
Rokitno,23.18,52.08
Ropczyce,21.37,50.03
Rossosz,23.09,51.52
Rosciszewo,19.46,52.54
Rozdrazew,17.31,51.46
Rozogi,21.22,53.29
Rozprza,19.38,51.18
Rozwienica,22.36,49.57
Rowne,26.15,50.37
Rozan,21.24,52.53
Ruciane-Nida,21.34,53.39
Ruda-Huta,23.36,51.14
Ruda Maleniecka,20.13,51.19
Ruda slaska,18.52,50.16
Rudna,16.16,51.31
Rudnik (katowickie),18.12,50.08
Rudnik (tarnobrzeskie),22.16,50.27
Rudnik (zamojskie),22.59,50.53
Rudniki,18.36,51.02
Rudziniec,18.25,50.22
Ruja,16.24,51.11
Rumia,18.24,54.34
Rusiec,18.59,51.19
Rusinow,20.35,51.26
Rutka-Tartak,22.58,54.19
Rutki,22.26,53.06
Rybczewice,22.51,51.02
Rybnik,18.33,50.05
Rybno,19.56,53.23
Rychliki,19.31,53.59
Rychtal,17.51,51.09
Rychwal,18.1,52.04
Ryczywol,16.5,52.48
Rydzyna,16.4,51.48
Ryglice,21.08,49.53
Ryjewo,18.57,53.51
Ryki,21.57,51.37
Rymanow,21.53,49.34
Ryman,15.32,53.56
Ryn,21.32,53.56
Rypin,19.24,53.04
Rytwiany,21.12,50.32
Rzasnia,19.03,51.14
Rzasnik,21.21,52.43
Rzeczenica,17.06,53.46
Rzeczniow,21.27,51.08
Rzeczyca,20.18,51.36
Rzekun,21.38,53.03
Rzepiennik Strzyzewski,21.02,49.48
Rzepin,14.49,52.21
Rzeszow,22.01,50.03
Rzewnie,21.21,52.51
Rzezawa,20.31,50
Rzgow (koninskie),18.03,52.09
Rzgow (lodzkie),19.3,51.4
Sabnie,22.18,52.3
Sadki,17.27,53.1
Sadkowice,20.31,51.44
Sadlinki,18.53,53.4
Sadowie,21.23,50.51
Sadowne,21.51,52.38
Sambor,23.11,49.32
Samborzec,21.39,50.39
Sandomierz,21.45,50.41
Sanniki,19.52,52.2
Sanok,22.13,49.33
Santok,15.24,52.44
Sarnaki,22.53,52.19
Sarny,26.36,51.21
Sawin,23.27,51.16
Secemin,19.5,50.46
Sejny,23.21,54.06
Serniki,22.4,51.26
Serock,21.04,52.31
Serokomla,22.19,51.42
Sedziejowice,19.02,51.31
Sedziszow,20.04,50.35
Sedziszow Malopolski,21.42,50.04
Sekowa,21.12,49.37
Sepopol,21.01,54.16
Sepolno Krajenskie,17.32,53.27
Sianow,16.18,54.13
Sicienko,17.47,53.13
Sidra,23.27,53.33
Sieciechow,21.45,51.33
Siedlce,22.17,52.11
Siedlec,16,52.03
Siedlisko,15.48,51.46
Siedliszcze,23.1,51.12
Siekierczyn,15.12,51.08
Siemianowice slaskie,19.02,50.18
Siemiatycze,22.52,52.26
Siemiatkowo Koziebrodz.,20.01,52.53
Siemien,22.36,51.38
Siemkowice,18.54,51.12
Siemysl,15.32,54.02
Sieniawa,22.37,50.11
Siennica,21.37,52.06
Siennica Rozana,23.2,51
Sienno,21.29,51.06
Siepraw,19.58,49.55
Sieradz,18.44,51.36
Sierakowice,17.53,54.22
Sierakow,16.05,52.39
Sieroszewice,17.59,51.38
Sierpc,19.4,52.52
Siewierz,19.14,50.28
Silnowo,16.29,53.37
Sitkowka-Nowiny,20.34,50.49
Sitno,23.23,50.45
Skalbmierz,20.24,50.2
Skala,19.51,50.14
Skarszewy,18.27,54.05
Skaryszew,21.15,51.19
Skarzysko-Kamienna,20.51,51.07
Skawina,19.49,49.59
Skape,15.27,52.09
Skepe,19.21,52.52
Skierbieszow,23.22,50.51
Skierniewice,20.08,51.58
Skoczow,18.43,49.48
Skoki,17.09,52.4
Skolyszyn,21.21,49.45
Skomlin,18.23,51.1
Skoroszyce,17.22,50.35
Skorcz,18.32,53.48
Skorzec,22.08,52.07
Skrwilno,19.37,53.01
Skrzeszew,20.53,52.28
Skrzyszow,21.06,49.59
Skulsk,18.2,52.29
Skwierzyna,15.29,52.36
Slaboszow,20.17,50.23
Slawa,16.04,51.53
Slawatycze,23.34,51.46
Slawkow,19.2,50.17
Slawno (piotrkowskie),20.09,51.23
Slawno (slupskie),16.39,54.22
Slawoborze,15.42,53.53
Slomniki,20.05,50.15
Slonim,25.19,53.06
Slonsk,14.48,52.34
Slubice (gorzowskie),14.34,52.21
Slubice (plockie),19.56,52.23
Slupca,17.53,52.17
Slupia (kieleckie),19.58,50.36
Slupia (skierniewickie),19.58,51.51
Slupsk,17.02,54.28
Smetowo Graniczne,18.41,53.46
Smoldzino,17.13,54.4
Sobienie-Jeziory,21.19,51.56
Sobkow,20.27,50.42
Sobolew,21.41,51.44
Sobotka,16.45,50.54
Sochaczew,20.13,52.14
Sochocin,20.28,52.42
Sokolniki,18.21,51.18
Sokolow Malopolski,22.07,50.14
Sokolow Podlaski,22.16,52.24
Sokoly,22.42,52.59
Sokolka,23.3,53.24
Solec Kujawski,18.14,53.05
Solec nad Wisla,21.47,51.08
Solec-Zdroj,20.53,50.22
Solina,22.27,49.24
Somianka,21.17,52.33
Somonino,18.12,54.17
Sompolno,18.3,52.23
Sonsk,20.43,52.47
Sopot,18.33,54.26
Sorkwity,21.09,53.51
Sosnowica,23.05,51.31
Sosnowiec,19.08,50.17
Sosnowka,23.2,51.46
Sosnicowice,18.32,50.16
Sosnie,17.37,51.28
Sosno,17.41,53.24
Spiczyn,22.46,51.21
Spytkowice,19.3,50
Srokowo,21.31,54.13
Stalowa Wola,22.05,50.34
Stanin,22.12,51.53
Stanislawow (siedleckie),21.33,52.18
Stanislawow,24.43,48.55
Stara Biala,19.38,52.37
Stara Blotnica,20.59,51.33
Stara Dabrowa,15.08,53.25
Stara Kamienica,15.34,50.55
Stara Kiszewa,18.1,53.59
Stara Kornica,22.57,52.11
Starachowice,21.04,51.02
Stare Babice,20.51,52.15
Stare Bogaczowice,16.11,50.52
Stare Czarnowo,14.46,53.17
Stare Juchy,22.11,53.56
Stare Kurowo,15.4,52.52
Stare Miasto,18.13,52.11
Stare Pole,19.12,54.03
Stargard Szczecinski,15.02,53.2
Starogard Gdanski,18.32,53.58
Starozreby,19.58,52.38
Stary Brus,23.18,51.29
Stary Dzierzgon,19.25,53.51
Stary Dzikowiec,21.51,50.16
Staru Dzikow,22.56,50.14
Stary Lubotyn,21.56,52.57
Stary Sacz,20.38,49.34
Stary Targ,19.1,53.56
Stary Zamosc,23.11,50.49
Staszow,21.1,50.34
Stawiguda,20.24,53.39
Stawiski,22.1,53.23
Stawiszyn,18.06,51.55
Staporkow,20.33,51.09
Stegna,19.06,54.2
Stepnica,14.37,53.39
Sterdyn,22.17,52.34
Steszew,16.41,52.17
Stezyca,17.57,54.13
Stoczek,21.54,52.33
Stoczek lukowski,21.58,51.58
Stolno,18.3,53.19
Stopnica,20.56,50.26
Stoszowice,16.38,50.36
Strachowka,21.38,52.25
Strawczyn,20.25,50.57
Stromiec,21.06,51.39
Stronie slaskie,16.52,50.18
Strumien,18.46,49.55
Stryj,23.51,49.16
Strykow,19.35,51.54
Stryszawa,19.32,49.43
Stryszow,19.37,49.5
Strzalkowo,17.49,52.19
Strzegom,16.21,50.58
Strzegowo-Osada,20.17,52.54
Strzelce,19.24,52.19
Strzelce Krajenskie,15.31,52.53
Strzelce Opolskie,18.18,50.31
Strzelce Wielkie,19.08,51.08
Strzeleczki,17.51,50.28
Strzelin,17.04,50.47
Strzelno,18.1,52.38
Strzyzewice,22.27,51.03
Strzyzow,21.47,49.52
Stubno,22.58,49.53
Studzienice,17.35,54.06
Stupsk,20.27,53.01
Subkowy,18.46,54.01
Sucha Beskidzka,19.29,49.44
Suchan,15.19,53.17
Suchedniow,20.5,51.03
Suchowola,23.06,53.35
Suchozebry,22.16,52.16
Suchy Las,16.53,52.28
Sulechow,15.37,52.05
Sulejow,19.52,51.22
Sulejowek,21.16,52.13
Sulecin,15.07,52.27
Suleczyno,17.46,54.14
Sulikow,15.04,51.04
Sulmierzyce,19.12,51.11
Sulkowice,19.48,49.52
Suloszowa,19.44,50.17
Sulow,22.58,50.46
Suprasl,23.2,53.13
Suraz,22.57,52.57
Susiec,23.12,50.25
Susz,19.21,53.43
Suszec,18.48,50.02
Suwalki,22.56,54.06
Swarzedz,17.04,52.24
Sycow,17.43,51.18
Sypniewo,21.18,53.01
Szadek,18.59,51.42
Szamocin,17.07,53.02
Szamotuly,16.34,52.36
Szastarka,22.19,50.52
Szczaniec,15.41,52.16
Szczawin Koscielny,19.37,52.23
Szczawnica,20.28,49.26
Szczawno-Zdroj,16.16,50.49
Szczebrzeszyn,22.59,50.42
Szczecin,14.34,53.26
Szczecinek,16.41,53.43
Szczekociny,19.48,50.38
Szczercow,19.07,51.2
Szczucin,21.04,50.19
Szczuczyn,22.18,53.34
Szczurowa,50.08,20.38
Szczutowo,19.34,52.56
Szczyrk,19.02,49.43
Szczytna,16.26,50.25
Szczytniki,18.2,51.41
Szczytno,20.59,53.34
Szelkow,21.13,52.5
Szemud,18.14,54.29
Szepietowo,22.33,52.52
Szerzyny,21.14,49.49
Szklarska Poreba,15.32,50.5
Szlichtyngowa,16.15,51.43
Szprotawa,15.32,51.34
Szrensk,20.07,53.01
Sztabin,23.07,53.41
Sztum,19.02,53.56
Sztutowo,19.1,54.2
Szubin,17.45,53.01
Szudzialowo,23.4,53.17
Szumowo,22.06,52.56
Szydlowiec,20.51,51.14
Szydlowo,16.36,53.1
Szydlow,21,50.36
Szypliszki,23.04,54.15
scinawa,16.26,51.25
slesin,18.18,52.22
sliwice,18.1,53.43
smigiel,16.32,52.01
sniadowo,21.59,53.02
srem,17.01,52.05
sroda slaska,16.35,51.09
sroda Wielkopolska,17.16,52.14
swiatki,20.15,53.55
swiatniki Gorne,19.58,49.56
swidnica (walbrzyskie),16.29,50.5
swidnica (zielonogor.),15.25,51.53
swidnik,22.41,51.12
swidwin,15.47,53.47
swiebodzice,16.2,50.52
swiebodzin,15.32,52.15
swiecie,18.26,53.25
swiecie nad Osa,19.06,53.27
swiedziebnia,19.33,53.09
swieradow-Zdroj,15.21,50.54
swiercze,20.46,52.41
swierczow,17.46,50.58
swierklaniec,18.56,50.26
swierklany,18.36,50.02
swierzawa,15.54,51.01
swierzno,14.57,53.57
swieszyno,16.1,54.07
swieciechowa,16.31,51.52
swieta Katarzyna,17.07,51.02
swietajno (olsztynskie),21.13,53.34
swietajno (suwalskie),22.2,54
swietochlowice,18.55,50.19
swilcza,21.55,50.05
swinice Warckie,18.56,52.02
swinna,19.15,49.4
swinoujscie,14.15,53.55
Tarczyn,20.5,51.59
Tarlow,21.43,51
Tarnawatka,23.24,50.32
Tarnobrzeg,21.41,50.35
Tarnogrod,22.45,50.21
Tarnopol,25.36,49.34
Tarnowiec,21.36,49.43
Tarnowo Podgorne,16.4,52.28
Tarnowskie Gory,18.52,50.27
Tarnow,21,50.02
Tarnow Opolski,18.05,50.35
Tarnowka,16.5,53.21
Tatrzanska,19.57,49.18
Tapkowice,19.02,50.27
Tczew,18.43,54.06
Tczow,21.27,51.2
Telatyn,23.5,50.32
Teresin,20.25,52.12
Terespol,23.37,52.05
Tereszpol,22.53,50.34
Tluchowo,19.28,52.45
Tluszcz,21.27,52.26
Tokarnia,19.53,49.44
Tolkmicko,19.31,54.19
Tomaszow Lubelski,23.25,50.27
Tomaszow Mazowiecki,20.02,51.32
Tomice,19.29,49.54
Topolka,18.43,52.31
Torun,18.37,53.02
Torzym,15.04,52.19
Toszek,18.31,50.28
Trawniki,23.01,51.08
Trabki Wielkie,18.32,54.1
Trojanow,21.5,51.42
Troszyn,21.44,53.02
Tryncza,22.33,50.1
Trzcianka,16.28,53.03
Trzcianne,22.41,53.21
Trzciel,15.52,52.22
Trzcinica,18.01,51.1
Trzcinsko-Zdroj,14.35,52.58
Trzebiatow,15.15,54.04
Trzebiechow,15.44,52.02
Trzebiel,14.49,51.38
Trzebielino,17.06,54.12
Trzebieszow,22.33,51.59
Trzebinia,19.28,50.1
Trzebnica,17.04,51.18
Trzebownisko,22.02,50.05
Trzemeszno,17.49,52.34
Trzeszczany,23.44,50.49
Trzyciaz,19.46,50.19
Trzydnik Duzy,22.09,50.51
Tuchola,17.51,53.36
Tuchomie,17.2,54.07
Tuchow,21.03,49.54
Tuczepy,20.59,50.31
Tuczna,23.26,51.53
Tuczno,16.08,53.11
Tuliszkow,18.18,52.04
Tulowice,20.17,52.22
Tuplice,14.49,51.4
Turawa,18.05,50.44
Turek,18.3,52.01
Turobin,22.45,50.49
Turosl,21.44,53.23
Turosn Koscielna,23.03,53.01
Tuszow Narodowy,21.28,50.22
Tuszyn,19.32,51.36
Twardogora,17.28,51.22
Tworog,18.43,50.33
Tychowo,16.15,53.55
Tychy,18.59,50.08
Tychy Paprocany,19,50.06
Tyczyn,22.02,49.58
Tykocin,22.46,53.12
Tymbark,20.19,49.44
Tyrawa Woloska,22.22,49.34
Tyszowice,23.41,50.37
Uchanie,23.39,50.55
Udanin,16.27,51.02
Ujazd (opolskie),18.21,50.24
Ujazd (piotrkowskie),19.55,51.36
Ujsoly,19.09,49.29
Ujscie,16.44,53.04
Ulan-Majorat,22.29,51.48
Ulanow,22.17,50.3
Ulhowek,23.48,50.27
Ulez,22.07,51.36
Uniejow,18.48,51.58
Unislaw,18.23,53.13
Urszulin,23.12,51.24
Urzedow,22.09,51
Ustka,16.51,54.35
Ustronie Morskie,15.45,54.13
Ustron,18.49,49.43
Ustrzyki Dolne,22.36,49.26
Uscie Gorlickie,21.08,49.31
Uscimow,22.56,51.28
Wadowice,19.3,49.53
Wadowice Gorne,21.18,50.16
Walce,18,50.22
Walim,16.27,50.42
Walbrzych,16.17,50.47
Walcz,16.27,53.16
Wapno,17.28,52.54
Warka,21.12,51.47
Warlubie,18.38,53.35
Warnice,14.59,53.15
Warszawa,21.02,52.12
Warszawa Mokotow,21.03,52.09
Warszawa Ochota,20.59,52.12
Warszawa Praga Poludnie,21.1,52.12
Warszawa Praga Polnoc,21.03,52.17
Warszawa srodmiescie,21.01,52.13
Warszawa Wola,20.56,52.14
Warszawa zoliborz,20.56,52.16
Warta,18.38,51.42
Warta Boleslawiecka,15.39,51.14
Wartkowice,19.01,51.58
Wasilkow,23.12,53.12
Wasniow,20.13,50.54
Wabrzezno,18.57,53.17
Wachock,21.01,51.05
Wadroze Wielkie,16.2,51.07
Wagrowiec,17.12,52.48
Wapielsk,19.17,53.08
Wasewo,21.41,52.53
Wasosz,16.41,51.34
Wawolnica,22.09,51.17
Wejherowo,18.15,54.36
Werbkowice,23.46,50.45
Wegierska Gorka,19.07,49.37
Wegliniec,15.13,51.17
Wegorzewo,21.45,54.13
Wegorzyno,15.33,53.32
Wegrow,22.01,52.24
Wiazowna,21.18,52.11
Wiazownica,22.42,50.05
Wiazow,17.17,50.49
Wicko,17.37,54.4
Widawa,18.57,51.26
Widuchowa,14.22,53.07
Wieczfnia Koscielna,20.29,53.12
Wielbark,20.56,53.24
Wielen,16.1,52.54
Wielgie,19.16,52.45
Wielgomlyny,19.46,51.01
Wielichowo,16.21,52.07
Wieliczka,20.03,49.59
Wieliczki,22.34,53.59
Wielka Nieszawka,18.29,53
Wielka Wies,19.51,50.1
Wielke Oczy,23.1,50.01
Wielopole Skrzynskie,21.37,49.57
Wielowies,18.37,50.31
Wielun,18.34,51.13
Wieniawa,20.48,51.22
Wieprz,19.22,49.54
Wieruszow,18.1,51.17
Wierzbica (chelmskie),23.19,51.16
Wierzbica (radomskie),21.05,51.15
Wierzbinek,18.31,52.26
Wierzbno,21.51,52.18
Wierzchlas,18.4,51.12
Wierzchoslawice,20.52,50.02
Wierzchowo,16.06,53.27
Wietrzychowice,20.46,50.12
Wiecbork,17.29,53.21
Wijewo,16.11,51.55
Wilamowice,19.09,49.55
Wilczeta,19.53,54.1
Wilczyce,21.4,50.45
Wilczyn,18.1,52.29
Wilejka,26.53,54.3
Wilga,21.23,51.52
Wilkolaz,22.21,51.01
Wilkowice,19.06,49.46
Wilkow (lubelskie),21.53,51.16
Wilkow (opolskie),17.39,51.06
Wilno,25.19,54.41
Winnica,20.57,52.39
Winsko,16.37,51.23
Wiskitki,20.23,52.05
Wisla,18.52,49.39
Wisznia Mala,17.03,51.15
Wisznice,23.13,51.48
Wislica,20.41,50.21
Wisniew,22.17,52.05
Wisniewo,20.21,53.04
Wisniowa (krakowskie),20.06,49.48
Wisniowa (rzeszowskie),21.39,49.52
Witkowo,17.47,52.26
Witnica,14.53,52.41
Witonia,19.18,52.08
Wizna,22.23,53.13
Wizajny,22.52,54.22
Wlen,15.41,51.01
Wladyslawowo,18.24,54.48
Wladyslawow,18.29,52.06
Wloclawek,19.03,52.39
Wlodawa,23.33,51.33
Wlodowice,19.27,50.33
Wlodzimierz Wolynski,24.2,50.51
Wloszakowice,16.22,51.56
Wloszczowa,19.58,50.51
Wodynie,21.57,52.02
Wodzierady,19.09,51.43
Wodzislaw,20.11,50.31
Wodzislaw slaski,18.28,50.01
Wohyn,22.47,51.46
Wojaszowka,21.41,49.47
Wojciechowice,21.35,50.51
Wojciechow,22.15,51.14
Wojcieszkow,22.19,51.46
Wojcieszow,15.55,50.58
Wojnicz,20.5,49.58
Wojslawice,23.33,50.55
Wola Krzysztoporska,19.35,51.21
Wola Myslowska,21.57,51.51
Wola Uhruska,23.38,51.19
Wolanow,20.59,51.23
Wolborz,19.5,51.31
Wolbrom,19.46,50.23
Wolin,14.31,53.5
Wolsztyn,16.07,52.07
Wolczyn,18.03,51.01
Wolkowysk,24.28,53.1
Wolomin,21.14,52.21
Wolow,16.39,51.21
Wozniki,19.04,50.35
Wolka,22.39,51.16
Wreczyca Wielka,18.55,50.5
Wroclaw,17.02,51.07
Wroclaw Fabryczna,16.57,51.08
Wroclaw Krzyki,17.04,51.08
Wroclaw Psie Pole,17.07,51.08
Wroclaw Stare Miasto,17.03,51.06
Wroclaw srodmiescie,17.03,51.07
Wronki,16.22,52.43
Wroblew,18.37,51.36
Wrzesnia,17.35,52.2
Wschowa,16.18,51.48
Wydminy,22.02,53.59
Wymiarki,15.05,51.31
Wyryki,23.23,51.33
Wyrzysk,17.16,53.09
Wysoka,17.04,53.11
Wysokie,22.4,50.45
Wysokie Mazowieckie,22.3,52.55
Wyszki,22.59,52.51
Wyszkow,21.27,52.36
Wyszogrod,20.12,52.23
Wysmierzyce,20.48,51.38
Zabierzow,19.48,50.07
Zabludow,23.21,53.01
Zabor,15.43,51.57
Zabrodzie,21.26,52.3
Zabrze,18.47,50.18
Zadzim,18.51,51.46
Zagnansk,20.41,50.58
Zagorow,17.54,52.1
Zagorz,22.16,49.31
Zagrodno,15.52,51.12
Zakliczyn,20.49,49.51
Zaklikow,22.07,50.46
Zakopane,19.57,49.18
Zakroczym,20.37,52.26
Zakrzew (radomskie),21,51.27
Zakrzew (zamojskie),22.36,50.54
Zakrzewo (pilskie),17.08,53.25
Zakrzewo (wloclawskie),18.37,52.45
Zakrzowek,22.22,50.56
Zalesie,23.23,52.02
Zaleszany,21.54,50.39
Zalewo,19.36,53.51
Zaluski,20.31,52.32
Zambrow,22.15,52.59
Zamosc,23.16,50.43
Zaniemysl,17.1,52.1
Zapolice,18.53,51.32
Zareby Koscielne,22.08,52.46
Zarszyn,49.35,22.01
Zarzecze,22.32,49.59
Zator,19.26,49.59
Zatory,21.11,52.36
Zawady,22.39,53.09
Zawadzkie,18.29,50.37
Zawichost,21.51,50.49
Zawidow,15.04,51.01
Zawidz,19.52,52.49
Zawiercie,19.25,50.3
Zawoja,19.34,49.4
Zawonia,17.12,51.19
Zabki,21.07,52.17
Zabkowice slaskie,16.49,50.35
Zbaszynek,15.49,52.15
Zbaszyn,15.55,52.15
Zbiczno,19.23,53.2
Zblewo,18.2,53.56
Zbojna,21.47,53.15
Zbojno,19.09,53
Zbroslawice,18.45,50.25
Zbuczyn Poduchowny,22.06,52.06
Zduny (kaliskie),17.22,51.38
Zduny (skierniewickie),19.48,52.09
Zdunska Wola,18.56,51.36
Zdzieszowice,18.07,50.25
Zebrzydowice,18.37,49.53
Zelow,19.13,51.28
Zembrzyce,19.36,49.46
Zebowice,18.21,50.46
Zgierz,19.25,51.52
Zgorzelec,15.01,51.09
Zielona Gora,15.3,51.56
Zielonka,21.09,52.18
Zielonki,19.55,50.07
Ziebice,17.03,50.37
Zlawies Wielka,18.2,53.06
Zlocieniec,16,53.32
Zloczew,18.37,51.25
Zloczow,24.52,49.47
Zlota,20.36,50.23
Zlotniki Kujawskie,18.09,52.54
Zlotoryja,15.55,51.08
Zlotow,17.02,53.22
Zloty Stok,16.52,50.27
Zwierzyn,15.33,52.49
Zwierzyniec,22.58,50.37
Zwolen,21.36,51.22
zabia Wola,20.41,52.02
zabno,20.53,50.07
zagan,15.19,51.37
zarki,19.22,50.38
zarnowiec,19.52,50.29
zarnow,20.11,51.15
zarow,16.3,50.57
zary,15.08,51.38
zelechow,21.54,51.49
zegocina,20.25,49.48
zelazkow,18.11,51.51
zelechlinek,20.02,51.43
zelechow,21.54,51.49
zerkow,17.34,52.04
zmigrod,16.54,51.28
zmudz,23.4,51.01
znin,17.43,52.51
zolynia,22.18,50.1
zory,18.42,50.03
zolkiewka,22.5,50.54
zorawina,17.03,50.59
zukowice,15.59,51.4
zukowo,18.21,54.21
zurawica,22.47,49.49
zuromin,19.54,53.04
zychlin,19.37,52.15
zyrakow,21.25,50.06
zyrardow,20.26,52.03
zyrzyn,22.06,51.3
zytno,19.37,50.56
zywiec,19.12,49.42
